{"cameraMode":{"drawMode":0,"name":"Shaded","section":"Shading Mode"},"sceneLighting":false,"audioPlay":false,"sceneViewState":{"showFog":true,"showMaterialUpdate":false,"showSkybox":false,"showFlares":true,"showImageEffects":true,"showParticleSystems":true},"in2DMode":false,"pivot":{"x":-2.2461142539978029,"y":-0.20575940608978272,"z":2.7500929832458498},"rotation":{"x":0.2906220555305481,"y":0.011481760069727898,"z":-0.0034879802260547878,"w":0.9567646384239197},"size":2.354830741882324,"orthographic":false}